{
    "os": "macOS-13.0.1-arm64-arm-64bit",
    "python": "3.9.12",
    "heartbeatAt": "2022-11-24T12:18:13.963218",
    "startedAt": "2022-11-24T12:18:13.140411",
    "docker": null,
    "cpu_count": 10,
    "cuda": null,
    "args": [
        "-mBert",
        "-g1",
        "-e3",
        "-wTest"
    ],
    "state": "running",
    "program": "/Users/andyzhao/PyProject/IFT6390_TextCla/src/models/Bert/train.py",
    "codePath": "src/models/Bert/train.py",
    "git": {
        "remote": "https://github.com/AndyJZhao/IFT6390_TextCla",
        "commit": "0db5b46172ea9cc5b71147055d8442a07dec4255"
    },
    "email": "zja00999@gmail.com",
    "root": "/Users/andyzhao/PyProject/IFT6390_TextCla",
    "host": "AjZ-MBP.local",
    "username": "andyzhao",
    "executable": "/Users/andyzhao/miniconda3/bin/python"
}
